<?xml version="1.0" encoding="UTF-8"?>
<project-private xmlns="http://www.netbeans.org/ns/project-private/1">
    <editor-bookmarks xmlns="http://www.netbeans.org/ns/editor-bookmarks/2" lastBookmarkId="0"/>
    <open-files xmlns="http://www.netbeans.org/ns/projectui-open-files/2">
        <group>
            <file>file:/E:/Archive/Netbeans/PBO%2010/PBO10/src/META-INF/persistence.xml</file>
            <file>file:/E:/Archive/Netbeans/PBO%2010/PBO10/src/UtsPbo/buku.java</file>
        </group>
    </open-files>
</project-private>
